aws_cloudwatch_metric_alarm.lambda_invocation_rate["bgm-looper-processor-dev"]	envs/dev	module.environment.aws_cloudwatch_metric_alarm.lambda_invocation_rate
aws_lambda_function.looper_env["dev"]	envs/dev	module.environment.aws_lambda_function.this
aws_s3_bucket.data["dev"]	envs/dev	module.environment.aws_s3_bucket.data
aws_s3_bucket_cors_configuration.data["dev"]	envs/dev	module.environment.aws_s3_bucket_cors_configuration.data
aws_s3_bucket_lifecycle_configuration.data["dev"]	envs/dev	module.environment.aws_s3_bucket_lifecycle_configuration.data
aws_s3_bucket_public_access_block.data["dev"]	envs/dev	module.environment.aws_s3_bucket_public_access_block.data
vercel_project_environment_variable.lambda_function_name_preview	envs/dev	module.environment.vercel_project_environment_variable.lambda_function_name
vercel_project_environment_variable.s3_bucket_preview	envs/dev	module.environment.vercel_project_environment_variable.s3_bucket
aws_cloudwatch_metric_alarm.lambda_invocation_rate["bgm-looper-processor"]	envs/main	module.environment.aws_cloudwatch_metric_alarm.lambda_invocation_rate
aws_lambda_function.looper	envs/main	module.environment.aws_lambda_function.this
aws_s3_bucket.data["main"]	envs/main	module.environment.aws_s3_bucket.data
aws_s3_bucket_cors_configuration.data["main"]	envs/main	module.environment.aws_s3_bucket_cors_configuration.data
aws_s3_bucket_lifecycle_configuration.data["main"]	envs/main	module.environment.aws_s3_bucket_lifecycle_configuration.data
aws_s3_bucket_public_access_block.data["main"]	envs/main	module.environment.aws_s3_bucket_public_access_block.data
vercel_project_environment_variable.lambda_function_name_production	envs/main	module.environment.vercel_project_environment_variable.lambda_function_name
vercel_project_environment_variable.s3_bucket_production	envs/main	module.environment.vercel_project_environment_variable.s3_bucket
aws_cloudwatch_metric_alarm.lambda_invocation_rate["bgm-looper-processor-stage"]	envs/stage	module.environment.aws_cloudwatch_metric_alarm.lambda_invocation_rate
aws_lambda_function.looper_env["stage"]	envs/stage	module.environment.aws_lambda_function.this
aws_s3_bucket.data["stage"]	envs/stage	module.environment.aws_s3_bucket.data
aws_s3_bucket_cors_configuration.data["stage"]	envs/stage	module.environment.aws_s3_bucket_cors_configuration.data
aws_s3_bucket_lifecycle_configuration.data["stage"]	envs/stage	module.environment.aws_s3_bucket_lifecycle_configuration.data
aws_s3_bucket_public_access_block.data["stage"]	envs/stage	module.environment.aws_s3_bucket_public_access_block.data
vercel_project_environment_variable.lambda_function_name_stage	envs/stage	module.environment.vercel_project_environment_variable.lambda_function_name
vercel_project_environment_variable.s3_bucket_stage	envs/stage	module.environment.vercel_project_environment_variable.s3_bucket
aws_acm_certificate.auth	shared	aws_acm_certificate.auth
aws_acm_certificate_validation.auth	shared	aws_acm_certificate_validation.auth
aws_budgets_budget.project	shared	aws_budgets_budget.project
aws_cognito_identity_provider.google	shared	aws_cognito_identity_provider.google
aws_cognito_managed_login_branding.web	shared	aws_cognito_managed_login_branding.web
aws_cognito_user.owner	shared	aws_cognito_user.owner
aws_cognito_user_pool.owner	shared	aws_cognito_user_pool.owner
aws_cognito_user_pool_client.web	shared	aws_cognito_user_pool_client.web
aws_cognito_user_pool_domain.custom	shared	aws_cognito_user_pool_domain.custom
aws_ecr_lifecycle_policy.looper	shared	aws_ecr_lifecycle_policy.looper
aws_ecr_repository.looper	shared	aws_ecr_repository.looper
aws_iam_openid_connect_provider.github	shared	aws_iam_openid_connect_provider.github
aws_iam_openid_connect_provider.vercel	shared	aws_iam_openid_connect_provider.vercel
aws_iam_role.ci_deploy	shared	aws_iam_role.ci_deploy
aws_iam_role.lambda_exec	shared	aws_iam_role.lambda_exec
aws_iam_role.vercel	shared	aws_iam_role.vercel
aws_iam_role_policy.ci_deploy	shared	aws_iam_role_policy.ci_deploy
aws_iam_role_policy.lambda_s3	shared	aws_iam_role_policy.lambda_s3
aws_iam_role_policy.vercel	shared	aws_iam_role_policy.vercel
aws_iam_role_policy_attachment.lambda_basic	shared	aws_iam_role_policy_attachment.lambda_basic
aws_sesv2_email_identity.domain	shared	aws_sesv2_email_identity.domain
aws_sesv2_email_identity.owner	shared	aws_sesv2_email_identity.owner
aws_sesv2_email_identity_mail_from_attributes.domain	shared	aws_sesv2_email_identity_mail_from_attributes.domain
aws_sesv2_email_identity_policy.cognito	shared	aws_sesv2_email_identity_policy.cognito
aws_sns_topic.budget_alerts	shared	aws_sns_topic.budget_alerts
aws_sns_topic_policy.budget_alerts	shared	aws_sns_topic_policy.budget_alerts
aws_sns_topic_subscription.budget_alerts_email	shared	aws_sns_topic_subscription.budget_alerts_email
random_password.cookie_secret	shared	random_password.cookie_secret
random_password.owner_cognito	shared	random_password.owner_cognito
vercel_dns_record.apex_spf	shared	vercel_dns_record.apex_spf
vercel_dns_record.auth	shared	vercel_dns_record.auth
vercel_dns_record.auth_acm["auth.ashutosh-pandey.com"]	shared	vercel_dns_record.auth_acm["auth.ashutosh-pandey.com"]
vercel_dns_record.caa_amazon	shared	vercel_dns_record.caa_amazon
vercel_dns_record.dmarc	shared	vercel_dns_record.dmarc
vercel_dns_record.mail_from_mx	shared	vercel_dns_record.mail_from_mx
vercel_dns_record.mail_from_spf	shared	vercel_dns_record.mail_from_spf
vercel_dns_record.ses_dkim[0]	shared	vercel_dns_record.ses_dkim[0]
vercel_dns_record.ses_dkim[1]	shared	vercel_dns_record.ses_dkim[1]
vercel_dns_record.ses_dkim[2]	shared	vercel_dns_record.ses_dkim[2]
vercel_firewall_config.looper	shared	vercel_firewall_config.looper
vercel_project.looper	shared	vercel_project.looper
vercel_project_domain.custom	shared	vercel_project_domain.custom
vercel_project_domain.custom_branch["dev"]	shared	vercel_project_domain.custom_branch["dev"]
vercel_project_domain.custom_branch["stage"]	shared	vercel_project_domain.custom_branch["stage"]
vercel_project_domain.custom_www	shared	vercel_project_domain.custom_www
vercel_project_environment_variable.app_password	shared	vercel_project_environment_variable.app_password
vercel_project_environment_variable.aws_region	shared	vercel_project_environment_variable.aws_region
vercel_project_environment_variable.aws_role_arn	shared	vercel_project_environment_variable.aws_role_arn
vercel_project_environment_variable.cognito_client_id	shared	vercel_project_environment_variable.cognito_client_id
vercel_project_environment_variable.cognito_domain	shared	vercel_project_environment_variable.cognito_domain
vercel_project_environment_variable.cognito_user_pool_id	shared	vercel_project_environment_variable.cognito_user_pool_id
vercel_project_environment_variable.cookie_secret	shared	vercel_project_environment_variable.cookie_secret
vercel_project_environment_variable.news_desk_model	shared	vercel_project_environment_variable.news_desk_model
vercel_project_environment_variable.openrouter_api_key	shared	vercel_project_environment_variable.openrouter_api_key
vercel_project_environment_variable.openrouter_base_url	shared	vercel_project_environment_variable.openrouter_base_url
vercel_project_environment_variable.openrouter_model	shared	vercel_project_environment_variable.openrouter_model
vercel_project_environment_variable.owner_email	shared	vercel_project_environment_variable.owner_email
vercel_project_environment_variable.resume_bucket_name	shared	vercel_project_environment_variable.resume_bucket_name
vercel_project_protection_bypass.automation	shared	vercel_project_protection_bypass.automation
